all_row_id_1based,task_id,split,template,behavior_category,fine_category,pick_object,pick_type,pick_type_instance_count,pick_family,target_object,target_family,target_region,language,source_task_id_1based,first_pass_exclude_reason
1,libero_90_gen_t007_pick_place_on_surface_c134fe50,train,pick_place_on_surface,surface/plate/black_bowl,surface/plate/black_bowl,akita_black_bowl_1,akita_black_bowl,1,black_bowl,plate_1,plate,none,pick up the akita black bowl and place it on the plate,7,
2,libero_90_gen_t008_pick_place_on_surface_e57f7116,train,pick_place_on_surface,surface/plate/black_bowl,surface/plate/black_bowl,akita_black_bowl_1,akita_black_bowl,1,black_bowl,plate_1,plate,none,pick up the akita black bowl and place it on the plate,8,
3,libero_90_gen_t009_pick_place_on_surface_dbdb1623,train,pick_place_on_surface,surface/plate/black_bowl,surface/plate/black_bowl,akita_black_bowl_1,akita_black_bowl,1,black_bowl,plate_1,plate,none,pick up the akita black bowl and place it on the plate,9,
4,libero_90_gen_t010_pick_place_on_surface_a9f37b0f,train,pick_place_on_surface,surface/plate/black_bowl,surface/plate/black_bowl,akita_black_bowl_1,akita_black_bowl,1,black_bowl,plate_1,plate,none,pick up the akita black bowl and place it on the plate,10,
5,libero_90_gen_t011_pick_place_on_surface_4f191504,train,pick_place_on_surface,surface/plate/black_bowl,surface/plate/black_bowl,akita_black_bowl_1,akita_black_bowl,1,black_bowl,plate_1,plate,none,pick up the akita black bowl and place it on the plate,11,
6,libero_90_gen_t012_pick_place_on_surface_9edf94d4,train,pick_place_on_surface,surface/plate/black_bowl,surface/plate/black_bowl,akita_black_bowl_1,akita_black_bowl,3,black_bowl,plate_1,plate,none,pick up the akita black bowl and place it on the plate,12,ambiguous pick object: 3 instances of `akita_black_bowl` but the pick clause does not disambiguate which one
7,libero_90_gen_t013_pick_place_on_surface_82ce7184,train,pick_place_on_surface,surface/plate/black_bowl,surface/plate/black_bowl,akita_black_bowl_1,akita_black_bowl,3,black_bowl,plate_1,plate,none,pick up the akita black bowl and place it on the plate,13,ambiguous pick object: 3 instances of `akita_black_bowl` but the pick clause does not disambiguate which one
8,libero_90_gen_t014_pick_place_on_surface_6d0267cf,validation,pick_place_on_surface,surface/plate/black_bowl,surface/plate/black_bowl,akita_black_bowl_1,akita_black_bowl,3,black_bowl,plate_1,plate,none,pick up the akita black bowl and place it on the plate,14,ambiguous pick object: 3 instances of `akita_black_bowl` but the pick clause does not disambiguate which one
9,libero_90_gen_t015_pick_place_on_surface_1ed38a8e,train,pick_place_on_surface,surface/plate/black_bowl,surface/plate/black_bowl,akita_black_bowl_1,akita_black_bowl,3,black_bowl,plate_1,plate,none,pick up the akita black bowl and place it on the plate,15,ambiguous pick object: 3 instances of `akita_black_bowl` but the pick clause does not disambiguate which one
10,libero_90_gen_t016_pick_place_on_surface_27bca968,validation,pick_place_on_surface,surface/plate/black_bowl,surface/plate/black_bowl,akita_black_bowl_1,akita_black_bowl,3,black_bowl,plate_1,plate,none,pick up the akita black bowl and place it on the plate,16,ambiguous pick object: 3 instances of `akita_black_bowl` but the pick clause does not disambiguate which one
11,libero_90_gen_t017_pick_place_on_surface_1fa6a9be,train,pick_place_on_surface,surface/plate/black_bowl,surface/plate/black_bowl,akita_black_bowl_1,akita_black_bowl,3,black_bowl,plate_1,plate,none,pick up the akita black bowl and place it on the plate,17,ambiguous pick object: 3 instances of `akita_black_bowl` but the pick clause does not disambiguate which one
12,libero_90_gen_t018_pick_place_on_surface_cef0a752,train,pick_place_on_surface,surface/plate/black_bowl,surface/plate/black_bowl,akita_black_bowl_1,akita_black_bowl,3,black_bowl,plate_1,plate,none,pick up the akita black bowl and place it on the plate,18,ambiguous pick object: 3 instances of `akita_black_bowl` but the pick clause does not disambiguate which one
13,libero_90_gen_t019_pick_place_on_surface_cdc11335,train,pick_place_on_surface,surface/flat_stove/moka_pot,surface/flat_stove/moka_pot,moka_pot_1,moka_pot,1,moka_pot,flat_stove_1,flat_stove,none,pick up the moka pot and place it on the flat stove,19,
14,libero_90_gen_t020_pick_place_on_surface_d93ca791,train,pick_place_on_surface,surface/flat_stove/moka_pot,surface/flat_stove/moka_pot,moka_pot_1,moka_pot,1,moka_pot,flat_stove_1,flat_stove,none,pick up the moka pot and place it on the flat stove,20,
15,libero_90_gen_t021_pick_place_on_surface_8f855ea1,train,pick_place_on_surface,surface/flat_stove/moka_pot,surface/flat_stove/moka_pot,moka_pot_1,moka_pot,1,moka_pot,flat_stove_1,flat_stove,none,pick up the moka pot and place it on the flat stove,21,
16,libero_90_gen_t022_pick_place_on_surface_5727e6d2,smoke,pick_place_on_surface,surface/flat_stove/moka_pot,surface/flat_stove/moka_pot,moka_pot_1,moka_pot,1,moka_pot,flat_stove_1,flat_stove,none,pick up the moka pot and place it on the flat stove,22,
17,libero_90_gen_t023_pick_place_on_surface_3333bd03,validation,pick_place_on_surface,surface/wine_rack/black_bowl,surface/wine_rack/black_bowl,akita_black_bowl_1,akita_black_bowl,1,black_bowl,wine_rack_1,wine_rack,none,pick up the akita black bowl and place it on the wine rack,23,
18,libero_90_gen_t024_pick_place_on_surface_96c50975,train,pick_place_on_surface,surface/wine_rack/black_bowl,surface/wine_rack/black_bowl,akita_black_bowl_1,akita_black_bowl,1,black_bowl,wine_rack_1,wine_rack,none,pick up the akita black bowl and place it on the wine rack,24,
19,libero_90_gen_t025_pick_place_on_surface_9f337d0a,train,pick_place_on_surface,surface/wine_rack/black_bowl,surface/wine_rack/black_bowl,akita_black_bowl_1,akita_black_bowl,1,black_bowl,wine_rack_1,wine_rack,none,pick up the akita black bowl and place it on the wine rack,25,
20,libero_90_gen_t026_pick_place_on_surface_47aa4131,train,pick_place_on_surface,surface/wine_rack/black_bowl,surface/wine_rack/black_bowl,akita_black_bowl_1,akita_black_bowl,1,black_bowl,wine_rack_1,wine_rack,none,pick up the akita black bowl and place it on the wine rack,26,
21,libero_90_gen_t027_pick_place_on_surface_50697298,train,pick_place_on_surface,surface/wine_rack/black_bowl,surface/wine_rack/black_bowl,akita_black_bowl_1,akita_black_bowl,1,black_bowl,wine_rack_1,wine_rack,none,pick up the akita black bowl and place it on the wine rack,27,
22,libero_90_gen_t028_pick_place_on_surface_054e21ea,train,pick_place_on_surface,surface/wine_rack/black_bowl,surface/wine_rack/black_bowl,akita_black_bowl_1,akita_black_bowl,1,black_bowl,wine_rack_1,wine_rack,none,pick up the akita black bowl and place it on the wine rack,28,
23,libero_90_gen_t029_pick_place_on_surface_629c0b88,train,pick_place_on_surface,surface/plate/black_bowl,surface/plate/black_bowl,akita_black_bowl_1,akita_black_bowl,1,black_bowl,plate_1,plate,none,pick up the akita black bowl and place it on the plate,29,
24,libero_90_gen_t029_pick_place_on_surface_ed9e40ac,train,pick_place_on_surface,surface/plate/can_or_bottle,surface/plate/can_or_bottle,ketchup_1,ketchup,1,can_or_bottle,plate_1,plate,none,pick up the ketchup and place it on the plate,29,
25,libero_90_gen_t030_pick_place_on_surface_9c46e141,train,pick_place_on_surface,surface/plate/black_bowl,surface/plate/black_bowl,akita_black_bowl_1,akita_black_bowl,1,black_bowl,plate_1,plate,none,pick up the akita black bowl and place it on the plate,30,
26,libero_90_gen_t030_pick_place_on_surface_e0cda06e,validation,pick_place_on_surface,surface/plate/can_or_bottle,surface/plate/can_or_bottle,ketchup_1,ketchup,1,can_or_bottle,plate_1,plate,none,pick up the ketchup and place it on the plate,30,
27,libero_90_gen_t031_pick_place_on_surface_294a64a0,train,pick_place_on_surface,surface/plate/black_bowl,surface/plate/black_bowl,akita_black_bowl_1,akita_black_bowl,1,black_bowl,plate_1,plate,none,pick up the akita black bowl and place it on the plate,31,
28,libero_90_gen_t031_pick_place_on_surface_fd9f5ee0,train,pick_place_on_surface,surface/plate/can_or_bottle,surface/plate/can_or_bottle,ketchup_1,ketchup,1,can_or_bottle,plate_1,plate,none,pick up the ketchup and place it on the plate,31,
29,libero_90_gen_t032_pick_place_on_surface_19de8342,train,pick_place_on_surface,surface/plate/can_or_bottle,surface/plate/can_or_bottle,ketchup_1,ketchup,1,can_or_bottle,plate_1,plate,none,pick up the ketchup and place it on the plate,32,
30,libero_90_gen_t032_pick_place_on_surface_ddcaf567,validation,pick_place_on_surface,surface/plate/black_bowl,surface/plate/black_bowl,akita_black_bowl_1,akita_black_bowl,1,black_bowl,plate_1,plate,none,pick up the akita black bowl and place it on the plate,32,
31,libero_90_gen_t033_pick_place_on_surface_159d99fc,train,pick_place_on_surface,surface/plate/can_or_bottle,surface/plate/can_or_bottle,ketchup_1,ketchup,1,can_or_bottle,plate_1,plate,none,pick up the ketchup and place it on the plate,33,
32,libero_90_gen_t033_pick_place_on_surface_39e46eb3,train,pick_place_on_surface,surface/plate/black_bowl,surface/plate/black_bowl,akita_black_bowl_1,akita_black_bowl,1,black_bowl,plate_1,plate,none,pick up the akita black bowl and place it on the plate,33,
33,libero_90_gen_t034_put_inside_container_4cba6191,train,put_inside_container,inside/microwave/mug,inside/microwave/mug,porcelain_mug_1,porcelain_mug,1,mug,microwave_1,microwave,none,pick up the porcelain mug and place it in the microwave,34,microwave-inside generated tasks are known to be brittle for first-pass harness canaries
34,libero_90_gen_t034_put_inside_container_cbdada56,validation,put_inside_container,inside/microwave/mug,inside/microwave/mug,white_yellow_mug_1,white_yellow_mug,1,mug,microwave_1,microwave,none,pick up the white yellow mug and place it in the microwave,34,microwave-inside generated tasks are known to be brittle for first-pass harness canaries
35,libero_90_gen_t035_put_inside_container_352b8273,validation,put_inside_container,inside/microwave/mug,inside/microwave/mug,porcelain_mug_1,porcelain_mug,1,mug,microwave_1,microwave,none,pick up the porcelain mug and place it in the microwave,35,microwave-inside generated tasks are known to be brittle for first-pass harness canaries
36,libero_90_gen_t035_put_inside_container_a0917421,train,put_inside_container,inside/microwave/mug,inside/microwave/mug,white_yellow_mug_1,white_yellow_mug,1,mug,microwave_1,microwave,none,pick up the white yellow mug and place it in the microwave,35,microwave-inside generated tasks are known to be brittle for first-pass harness canaries
37,libero_90_gen_t036_pick_place_on_surface_f31ad9b9,train,pick_place_on_surface,surface/plate/white_bowl,surface/plate/white_bowl,white_bowl_1,white_bowl,1,white_bowl,plate_1,plate,none,pick up the white bowl and place it on the plate,36,
38,libero_90_gen_t036_put_inside_container_7cc4fbe8,train,put_inside_container,inside/microwave/white_bowl,inside/microwave/white_bowl,white_bowl_1,white_bowl,1,white_bowl,microwave_1,microwave,none,pick up the white bowl and place it in the microwave,36,microwave-inside generated tasks are known to be brittle for first-pass harness canaries
39,libero_90_gen_t037_pick_place_on_surface_3353a6dc,train,pick_place_on_surface,surface/plate/white_bowl,surface/plate/white_bowl,white_bowl_1,white_bowl,1,white_bowl,plate_1,plate,none,pick up the white bowl and place it on the plate,37,
40,libero_90_gen_t037_put_inside_container_9a4a8abb,train,put_inside_container,inside/microwave/white_bowl,inside/microwave/white_bowl,white_bowl_1,white_bowl,1,white_bowl,microwave_1,microwave,none,pick up the white bowl and place it in the microwave,37,microwave-inside generated tasks are known to be brittle for first-pass harness canaries
41,libero_90_gen_t038_pick_place_on_surface_79948935,train,pick_place_on_surface,surface/plate/white_bowl,surface/plate/white_bowl,white_bowl_1,white_bowl,1,white_bowl,plate_1,plate,none,pick up the white bowl and place it on the plate,38,
42,libero_90_gen_t038_put_inside_container_d395fe90,validation,put_inside_container,inside/microwave/white_bowl,inside/microwave/white_bowl,white_bowl_1,white_bowl,1,white_bowl,microwave_1,microwave,none,pick up the white bowl and place it in the microwave,38,microwave-inside generated tasks are known to be brittle for first-pass harness canaries
43,libero_90_gen_t039_pick_place_on_surface_319b3738,train,pick_place_on_surface,surface/flat_stove/moka_pot,surface/flat_stove/moka_pot,moka_pot_1,moka_pot,2,moka_pot,flat_stove_1,flat_stove,none,pick up the moka pot and place it on the flat stove,39,ambiguous pick object: 2 instances of `moka_pot` but the pick clause does not disambiguate which one
44,libero_90_gen_t040_pick_place_on_surface_c3247960,train,pick_place_on_surface,surface/flat_stove/moka_pot,surface/flat_stove/moka_pot,moka_pot_1,moka_pot,2,moka_pot,flat_stove_1,flat_stove,none,pick up the moka pot and place it on the flat stove,40,ambiguous pick object: 2 instances of `moka_pot` but the pick clause does not disambiguate which one
45,libero_90_gen_t041_pick_place_on_surface_d27e51c1,train,pick_place_on_surface,surface/flat_stove/white_bowl,surface/flat_stove/white_bowl,white_bowl_1,white_bowl,1,white_bowl,flat_stove_1,flat_stove,none,pick up the white bowl and place it on the flat stove,41,
46,libero_90_gen_t042_pick_place_on_surface_5f5e31b9,train,pick_place_on_surface,surface/flat_stove/white_bowl,surface/flat_stove/white_bowl,white_bowl_1,white_bowl,1,white_bowl,flat_stove_1,flat_stove,none,pick up the white bowl and place it on the flat stove,42,
47,libero_90_gen_t043_pick_place_on_surface_1a4c15b2,train,pick_place_on_surface,surface/flat_stove/white_bowl,surface/flat_stove/white_bowl,white_bowl_1,white_bowl,1,white_bowl,flat_stove_1,flat_stove,none,pick up the white bowl and place it on the flat stove,43,
48,libero_90_gen_t044_pick_place_on_surface_3347620d,train,pick_place_on_surface,surface/flat_stove/white_bowl,surface/flat_stove/white_bowl,white_bowl_1,white_bowl,1,white_bowl,flat_stove_1,flat_stove,none,pick up the white bowl and place it on the flat stove,44,
49,libero_90_gen_t045_pick_place_on_surface_66f04a0b,train,pick_place_on_surface,surface/flat_stove/white_bowl,surface/flat_stove/white_bowl,white_bowl_1,white_bowl,1,white_bowl,flat_stove_1,flat_stove,none,pick up the white bowl and place it on the flat stove,45,
50,libero_90_gen_t046_pick_place_on_surface_fb36209e,train,pick_place_on_surface,surface/flat_stove/white_bowl,surface/flat_stove/white_bowl,white_bowl_1,white_bowl,1,white_bowl,flat_stove_1,flat_stove,none,pick up the white bowl and place it on the flat stove,46,
51,libero_90_gen_t047_put_inside_container_6c609e79,train,put_inside_container,inside/basket/can_or_bottle,inside/basket/can_or_bottle,ketchup_1,ketchup,1,can_or_bottle,basket_1,basket,none,pick up the ketchup and place it in the basket,47,
52,libero_90_gen_t047_put_inside_container_73f24f7a,train,put_inside_container,inside/basket/flat_box,inside/basket/flat_box,cream_cheese_1,cream_cheese,1,flat_box,basket_1,basket,none,pick up the cream cheese and place it in the basket,47,
53,libero_90_gen_t047_put_inside_container_90cb7ffa,train,put_inside_container,inside/basket/can_or_bottle,inside/basket/can_or_bottle,alphabet_soup_1,alphabet_soup,1,can_or_bottle,basket_1,basket,none,pick up the alphabet soup and place it in the basket,47,
54,libero_90_gen_t047_put_inside_container_e811ac5b,train,put_inside_container,inside/basket/can_or_bottle,inside/basket/can_or_bottle,tomato_sauce_1,tomato_sauce,1,can_or_bottle,basket_1,basket,none,pick up the tomato sauce and place it in the basket,47,
55,libero_90_gen_t048_put_inside_container_4d37a5f3,validation,put_inside_container,inside/basket/can_or_bottle,inside/basket/can_or_bottle,ketchup_1,ketchup,1,can_or_bottle,basket_1,basket,none,pick up the ketchup and place it in the basket,48,
56,libero_90_gen_t048_put_inside_container_610fab4f,train,put_inside_container,inside/basket/can_or_bottle,inside/basket/can_or_bottle,tomato_sauce_1,tomato_sauce,1,can_or_bottle,basket_1,basket,none,pick up the tomato sauce and place it in the basket,48,
57,libero_90_gen_t048_put_inside_container_624a85a8,train,put_inside_container,inside/basket/flat_box,inside/basket/flat_box,cream_cheese_1,cream_cheese,1,flat_box,basket_1,basket,none,pick up the cream cheese and place it in the basket,48,
58,libero_90_gen_t048_put_inside_container_b0970b04,train,put_inside_container,inside/basket/can_or_bottle,inside/basket/can_or_bottle,alphabet_soup_1,alphabet_soup,1,can_or_bottle,basket_1,basket,none,pick up the alphabet soup and place it in the basket,48,
59,libero_90_gen_t049_put_inside_container_18fc0f9a,smoke,put_inside_container,inside/basket/can_or_bottle,inside/basket/can_or_bottle,alphabet_soup_1,alphabet_soup,1,can_or_bottle,basket_1,basket,none,pick up the alphabet soup and place it in the basket,49,
60,libero_90_gen_t049_put_inside_container_7e7ef16c,train,put_inside_container,inside/basket/flat_box,inside/basket/flat_box,cream_cheese_1,cream_cheese,1,flat_box,basket_1,basket,none,pick up the cream cheese and place it in the basket,49,
61,libero_90_gen_t049_put_inside_container_e8a47dc8,train,put_inside_container,inside/basket/can_or_bottle,inside/basket/can_or_bottle,ketchup_1,ketchup,1,can_or_bottle,basket_1,basket,none,pick up the ketchup and place it in the basket,49,
62,libero_90_gen_t049_put_inside_container_fe645664,train,put_inside_container,inside/basket/can_or_bottle,inside/basket/can_or_bottle,tomato_sauce_1,tomato_sauce,1,can_or_bottle,basket_1,basket,none,pick up the tomato sauce and place it in the basket,49,
63,libero_90_gen_t050_put_inside_container_7989aa4b,validation,put_inside_container,inside/basket/flat_box,inside/basket/flat_box,cream_cheese_1,cream_cheese,1,flat_box,basket_1,basket,none,pick up the cream cheese and place it in the basket,50,
64,libero_90_gen_t050_put_inside_container_81db70c1,train,put_inside_container,inside/basket/can_or_bottle,inside/basket/can_or_bottle,tomato_sauce_1,tomato_sauce,1,can_or_bottle,basket_1,basket,none,pick up the tomato sauce and place it in the basket,50,
65,libero_90_gen_t050_put_inside_container_d21bfa2e,train,put_inside_container,inside/basket/can_or_bottle,inside/basket/can_or_bottle,ketchup_1,ketchup,1,can_or_bottle,basket_1,basket,none,pick up the ketchup and place it in the basket,50,
66,libero_90_gen_t050_put_inside_container_f6d7a531,validation,put_inside_container,inside/basket/can_or_bottle,inside/basket/can_or_bottle,alphabet_soup_1,alphabet_soup,1,can_or_bottle,basket_1,basket,none,pick up the alphabet soup and place it in the basket,50,
67,libero_90_gen_t051_put_inside_container_0782b1c0,train,put_inside_container,inside/basket/can_or_bottle,inside/basket/can_or_bottle,tomato_sauce_1,tomato_sauce,1,can_or_bottle,basket_1,basket,none,pick up the tomato sauce and place it in the basket,51,
68,libero_90_gen_t051_put_inside_container_249cd45a,train,put_inside_container,inside/basket/carton_bottle,inside/basket/carton_bottle,milk_1,milk,1,carton_bottle,basket_1,basket,none,pick up the milk and place it in the basket,51,
69,libero_90_gen_t051_put_inside_container_36d8dc84,train,put_inside_container,inside/basket/flat_box,inside/basket/flat_box,butter_1,butter,1,flat_box,basket_1,basket,none,pick up the butter and place it in the basket,51,
70,libero_90_gen_t051_put_inside_container_4987c9e8,train,put_inside_container,inside/basket/can_or_bottle,inside/basket/can_or_bottle,alphabet_soup_1,alphabet_soup,1,can_or_bottle,basket_1,basket,none,pick up the alphabet soup and place it in the basket,51,
71,libero_90_gen_t051_put_inside_container_5a26eaba,train,put_inside_container,inside/basket/flat_box,inside/basket/flat_box,cream_cheese_1,cream_cheese,1,flat_box,basket_1,basket,none,pick up the cream cheese and place it in the basket,51,
72,libero_90_gen_t051_put_inside_container_723c948a,train,put_inside_container,inside/basket/can_or_bottle,inside/basket/can_or_bottle,ketchup_1,ketchup,1,can_or_bottle,basket_1,basket,none,pick up the ketchup and place it in the basket,51,
73,libero_90_gen_t051_put_inside_container_a1e5fba4,train,put_inside_container,inside/basket/carton_bottle,inside/basket/carton_bottle,orange_juice_1,orange_juice,1,carton_bottle,basket_1,basket,none,pick up the orange juice and place it in the basket,51,
74,libero_90_gen_t052_put_inside_container_0358f952,train,put_inside_container,inside/basket/flat_box,inside/basket/flat_box,cream_cheese_1,cream_cheese,1,flat_box,basket_1,basket,none,pick up the cream cheese and place it in the basket,52,
75,libero_90_gen_t052_put_inside_container_072aab5e,train,put_inside_container,inside/basket/can_or_bottle,inside/basket/can_or_bottle,ketchup_1,ketchup,1,can_or_bottle,basket_1,basket,none,pick up the ketchup and place it in the basket,52,
76,libero_90_gen_t052_put_inside_container_17cc7342,train,put_inside_container,inside/basket/flat_box,inside/basket/flat_box,butter_1,butter,1,flat_box,basket_1,basket,none,pick up the butter and place it in the basket,52,
77,libero_90_gen_t052_put_inside_container_350918ec,train,put_inside_container,inside/basket/carton_bottle,inside/basket/carton_bottle,milk_1,milk,1,carton_bottle,basket_1,basket,none,pick up the milk and place it in the basket,52,
78,libero_90_gen_t052_put_inside_container_49b97286,train,put_inside_container,inside/basket/can_or_bottle,inside/basket/can_or_bottle,alphabet_soup_1,alphabet_soup,1,can_or_bottle,basket_1,basket,none,pick up the alphabet soup and place it in the basket,52,
79,libero_90_gen_t052_put_inside_container_70cfb6cf,train,put_inside_container,inside/basket/can_or_bottle,inside/basket/can_or_bottle,tomato_sauce_1,tomato_sauce,1,can_or_bottle,basket_1,basket,none,pick up the tomato sauce and place it in the basket,52,
80,libero_90_gen_t052_put_inside_container_ffa2efb8,validation,put_inside_container,inside/basket/carton_bottle,inside/basket/carton_bottle,orange_juice_1,orange_juice,1,carton_bottle,basket_1,basket,none,pick up the orange juice and place it in the basket,52,
81,libero_90_gen_t053_put_inside_container_036751ad,train,put_inside_container,inside/basket/carton_bottle,inside/basket/carton_bottle,orange_juice_1,orange_juice,1,carton_bottle,basket_1,basket,none,pick up the orange juice and place it in the basket,53,
82,libero_90_gen_t053_put_inside_container_05a28049,train,put_inside_container,inside/basket/carton_bottle,inside/basket/carton_bottle,milk_1,milk,1,carton_bottle,basket_1,basket,none,pick up the milk and place it in the basket,53,
83,libero_90_gen_t053_put_inside_container_21526a83,train,put_inside_container,inside/basket/flat_box,inside/basket/flat_box,cream_cheese_1,cream_cheese,1,flat_box,basket_1,basket,none,pick up the cream cheese and place it in the basket,53,
84,libero_90_gen_t053_put_inside_container_24d32c07,train,put_inside_container,inside/basket/can_or_bottle,inside/basket/can_or_bottle,tomato_sauce_1,tomato_sauce,1,can_or_bottle,basket_1,basket,none,pick up the tomato sauce and place it in the basket,53,
85,libero_90_gen_t053_put_inside_container_3e83c7dc,train,put_inside_container,inside/basket/can_or_bottle,inside/basket/can_or_bottle,ketchup_1,ketchup,1,can_or_bottle,basket_1,basket,none,pick up the ketchup and place it in the basket,53,
86,libero_90_gen_t053_put_inside_container_990f96e4,train,put_inside_container,inside/basket/can_or_bottle,inside/basket/can_or_bottle,alphabet_soup_1,alphabet_soup,1,can_or_bottle,basket_1,basket,none,pick up the alphabet soup and place it in the basket,53,
87,libero_90_gen_t053_put_inside_container_f67a80a0,train,put_inside_container,inside/basket/flat_box,inside/basket/flat_box,butter_1,butter,1,flat_box,basket_1,basket,none,pick up the butter and place it in the basket,53,
88,libero_90_gen_t054_put_inside_container_64c81d2b,train,put_inside_container,inside/basket/can_or_bottle,inside/basket/can_or_bottle,alphabet_soup_1,alphabet_soup,1,can_or_bottle,basket_1,basket,none,pick up the alphabet soup and place it in the basket,54,
89,libero_90_gen_t054_put_inside_container_74de1f81,train,put_inside_container,inside/basket/carton_bottle,inside/basket/carton_bottle,milk_1,milk,1,carton_bottle,basket_1,basket,none,pick up the milk and place it in the basket,54,
90,libero_90_gen_t054_put_inside_container_7601334b,train,put_inside_container,inside/basket/can_or_bottle,inside/basket/can_or_bottle,tomato_sauce_1,tomato_sauce,1,can_or_bottle,basket_1,basket,none,pick up the tomato sauce and place it in the basket,54,
91,libero_90_gen_t054_put_inside_container_94221263,train,put_inside_container,inside/basket/flat_box,inside/basket/flat_box,cream_cheese_1,cream_cheese,1,flat_box,basket_1,basket,none,pick up the cream cheese and place it in the basket,54,
92,libero_90_gen_t054_put_inside_container_a7a12ba0,train,put_inside_container,inside/basket/carton_bottle,inside/basket/carton_bottle,orange_juice_1,orange_juice,1,carton_bottle,basket_1,basket,none,pick up the orange juice and place it in the basket,54,
93,libero_90_gen_t054_put_inside_container_d9ec083b,train,put_inside_container,inside/basket/flat_box,inside/basket/flat_box,butter_1,butter,1,flat_box,basket_1,basket,none,pick up the butter and place it in the basket,54,
94,libero_90_gen_t054_put_inside_container_eb332ba2,train,put_inside_container,inside/basket/can_or_bottle,inside/basket/can_or_bottle,ketchup_1,ketchup,1,can_or_bottle,basket_1,basket,none,pick up the ketchup and place it in the basket,54,
95,libero_90_gen_t055_put_inside_container_28d7232a,train,put_inside_container,inside/basket/carton_bottle,inside/basket/carton_bottle,milk_1,milk,1,carton_bottle,basket_1,basket,none,pick up the milk and place it in the basket,55,
96,libero_90_gen_t055_put_inside_container_63dcc8a2,train,put_inside_container,inside/basket/can_or_bottle,inside/basket/can_or_bottle,tomato_sauce_1,tomato_sauce,1,can_or_bottle,basket_1,basket,none,pick up the tomato sauce and place it in the basket,55,
97,libero_90_gen_t055_put_inside_container_68b610f5,validation,put_inside_container,inside/basket/can_or_bottle,inside/basket/can_or_bottle,ketchup_1,ketchup,1,can_or_bottle,basket_1,basket,none,pick up the ketchup and place it in the basket,55,
98,libero_90_gen_t055_put_inside_container_b01aa5ff,train,put_inside_container,inside/basket/carton_bottle,inside/basket/carton_bottle,orange_juice_1,orange_juice,1,carton_bottle,basket_1,basket,none,pick up the orange juice and place it in the basket,55,
99,libero_90_gen_t055_put_inside_container_c7ac79f0,train,put_inside_container,inside/basket/can_or_bottle,inside/basket/can_or_bottle,alphabet_soup_1,alphabet_soup,1,can_or_bottle,basket_1,basket,none,pick up the alphabet soup and place it in the basket,55,
100,libero_90_gen_t055_put_inside_container_e285dc25,train,put_inside_container,inside/basket/flat_box,inside/basket/flat_box,cream_cheese_1,cream_cheese,1,flat_box,basket_1,basket,none,pick up the cream cheese and place it in the basket,55,
101,libero_90_gen_t055_put_inside_container_fa2889d2,train,put_inside_container,inside/basket/flat_box,inside/basket/flat_box,butter_1,butter,1,flat_box,basket_1,basket,none,pick up the butter and place it in the basket,55,
102,libero_90_gen_t056_put_inside_container_09e799be,train,put_inside_container,inside/wooden_tray/can_or_bottle,inside/wooden_tray/can_or_bottle,tomato_sauce_1,tomato_sauce,1,can_or_bottle,wooden_tray_1,wooden_tray,none,pick up the tomato sauce and place it in the wooden tray,56,
103,libero_90_gen_t056_put_inside_container_15df7589,train,put_inside_container,inside/wooden_tray/flat_box,inside/wooden_tray/flat_box,cream_cheese_1,cream_cheese,1,flat_box,wooden_tray_1,wooden_tray,none,pick up the cream cheese and place it in the wooden tray,56,
104,libero_90_gen_t056_put_inside_container_4842ac7b,train,put_inside_container,inside/wooden_tray/flat_box,inside/wooden_tray/flat_box,butter_1,butter,1,flat_box,wooden_tray_1,wooden_tray,none,pick up the butter and place it in the wooden tray,56,
105,libero_90_gen_t056_put_inside_container_7d6a5fb2,train,put_inside_container,inside/wooden_tray/can_or_bottle,inside/wooden_tray/can_or_bottle,ketchup_1,ketchup,1,can_or_bottle,wooden_tray_1,wooden_tray,none,pick up the ketchup and place it in the wooden tray,56,
106,libero_90_gen_t056_put_inside_container_e2f67048,train,put_inside_container,inside/wooden_tray/can_or_bottle,inside/wooden_tray/can_or_bottle,alphabet_soup_1,alphabet_soup,1,can_or_bottle,wooden_tray_1,wooden_tray,none,pick up the alphabet soup and place it in the wooden tray,56,
107,libero_90_gen_t057_put_inside_container_2c2d2c88,train,put_inside_container,inside/wooden_tray/flat_box,inside/wooden_tray/flat_box,cream_cheese_1,cream_cheese,1,flat_box,wooden_tray_1,wooden_tray,none,pick up the cream cheese and place it in the wooden tray,57,
108,libero_90_gen_t057_put_inside_container_2d031516,train,put_inside_container,inside/wooden_tray/flat_box,inside/wooden_tray/flat_box,butter_1,butter,1,flat_box,wooden_tray_1,wooden_tray,none,pick up the butter and place it in the wooden tray,57,
109,libero_90_gen_t057_put_inside_container_51e98a30,train,put_inside_container,inside/wooden_tray/can_or_bottle,inside/wooden_tray/can_or_bottle,ketchup_1,ketchup,1,can_or_bottle,wooden_tray_1,wooden_tray,none,pick up the ketchup and place it in the wooden tray,57,
110,libero_90_gen_t057_put_inside_container_56c4e487,train,put_inside_container,inside/wooden_tray/can_or_bottle,inside/wooden_tray/can_or_bottle,tomato_sauce_1,tomato_sauce,1,can_or_bottle,wooden_tray_1,wooden_tray,none,pick up the tomato sauce and place it in the wooden tray,57,
111,libero_90_gen_t057_put_inside_container_e0fb1fd2,validation,put_inside_container,inside/wooden_tray/can_or_bottle,inside/wooden_tray/can_or_bottle,alphabet_soup_1,alphabet_soup,1,can_or_bottle,wooden_tray_1,wooden_tray,none,pick up the alphabet soup and place it in the wooden tray,57,
112,libero_90_gen_t058_put_inside_container_2815e105,train,put_inside_container,inside/wooden_tray/flat_box,inside/wooden_tray/flat_box,butter_1,butter,1,flat_box,wooden_tray_1,wooden_tray,none,pick up the butter and place it in the wooden tray,58,
113,libero_90_gen_t058_put_inside_container_2a4eb20c,train,put_inside_container,inside/wooden_tray/flat_box,inside/wooden_tray/flat_box,cream_cheese_1,cream_cheese,1,flat_box,wooden_tray_1,wooden_tray,none,pick up the cream cheese and place it in the wooden tray,58,
114,libero_90_gen_t058_put_inside_container_63ec0277,train,put_inside_container,inside/wooden_tray/can_or_bottle,inside/wooden_tray/can_or_bottle,alphabet_soup_1,alphabet_soup,1,can_or_bottle,wooden_tray_1,wooden_tray,none,pick up the alphabet soup and place it in the wooden tray,58,
115,libero_90_gen_t058_put_inside_container_8ad72d56,train,put_inside_container,inside/wooden_tray/can_or_bottle,inside/wooden_tray/can_or_bottle,tomato_sauce_1,tomato_sauce,1,can_or_bottle,wooden_tray_1,wooden_tray,none,pick up the tomato sauce and place it in the wooden tray,58,
116,libero_90_gen_t058_put_inside_container_dd5b2fae,train,put_inside_container,inside/wooden_tray/can_or_bottle,inside/wooden_tray/can_or_bottle,ketchup_1,ketchup,1,can_or_bottle,wooden_tray_1,wooden_tray,none,pick up the ketchup and place it in the wooden tray,58,
117,libero_90_gen_t059_put_inside_container_1d3b38b5,train,put_inside_container,inside/wooden_tray/can_or_bottle,inside/wooden_tray/can_or_bottle,tomato_sauce_1,tomato_sauce,1,can_or_bottle,wooden_tray_1,wooden_tray,none,pick up the tomato sauce and place it in the wooden tray,59,
118,libero_90_gen_t059_put_inside_container_2b81ca08,train,put_inside_container,inside/wooden_tray/flat_box,inside/wooden_tray/flat_box,butter_1,butter,1,flat_box,wooden_tray_1,wooden_tray,none,pick up the butter and place it in the wooden tray,59,
119,libero_90_gen_t059_put_inside_container_38a51e1c,train,put_inside_container,inside/wooden_tray/can_or_bottle,inside/wooden_tray/can_or_bottle,alphabet_soup_1,alphabet_soup,1,can_or_bottle,wooden_tray_1,wooden_tray,none,pick up the alphabet soup and place it in the wooden tray,59,
120,libero_90_gen_t059_put_inside_container_b53cf811,train,put_inside_container,inside/wooden_tray/can_or_bottle,inside/wooden_tray/can_or_bottle,ketchup_1,ketchup,1,can_or_bottle,wooden_tray_1,wooden_tray,none,pick up the ketchup and place it in the wooden tray,59,
121,libero_90_gen_t059_put_inside_container_c822e23e,train,put_inside_container,inside/wooden_tray/flat_box,inside/wooden_tray/flat_box,cream_cheese_1,cream_cheese,1,flat_box,wooden_tray_1,wooden_tray,none,pick up the cream cheese and place it in the wooden tray,59,
122,libero_90_gen_t060_put_inside_container_1f436640,train,put_inside_container,inside/wooden_tray/flat_box,inside/wooden_tray/flat_box,butter_1,butter,1,flat_box,wooden_tray_1,wooden_tray,none,pick up the butter and place it in the wooden tray,60,
123,libero_90_gen_t060_put_inside_container_3b4fddf4,train,put_inside_container,inside/wooden_tray/can_or_bottle,inside/wooden_tray/can_or_bottle,ketchup_1,ketchup,1,can_or_bottle,wooden_tray_1,wooden_tray,none,pick up the ketchup and place it in the wooden tray,60,
124,libero_90_gen_t060_put_inside_container_5270f1d0,train,put_inside_container,inside/wooden_tray/can_or_bottle,inside/wooden_tray/can_or_bottle,tomato_sauce_1,tomato_sauce,1,can_or_bottle,wooden_tray_1,wooden_tray,none,pick up the tomato sauce and place it in the wooden tray,60,
125,libero_90_gen_t060_put_inside_container_707a21b2,train,put_inside_container,inside/wooden_tray/flat_box,inside/wooden_tray/flat_box,cream_cheese_1,cream_cheese,1,flat_box,wooden_tray_1,wooden_tray,none,pick up the cream cheese and place it in the wooden tray,60,
126,libero_90_gen_t060_put_inside_container_dffe779e,train,put_inside_container,inside/wooden_tray/can_or_bottle,inside/wooden_tray/can_or_bottle,alphabet_soup_1,alphabet_soup,1,can_or_bottle,wooden_tray_1,wooden_tray,none,pick up the alphabet soup and place it in the wooden tray,60,
127,libero_90_gen_t061_put_inside_container_55584e10,validation,put_inside_container,inside/wooden_tray/carton_bottle,inside/wooden_tray/carton_bottle,new_salad_dressing_1,new_salad_dressing,1,carton_bottle,wooden_tray_1,wooden_tray,none,pick up the new salad dressing and place it in the wooden tray,61,
128,libero_90_gen_t061_put_inside_container_66e78aa7,train,put_inside_container,inside/wooden_tray/flat_box,inside/wooden_tray/flat_box,chocolate_pudding_1,chocolate_pudding,1,flat_box,wooden_tray_1,wooden_tray,none,pick up the chocolate pudding and place it in the wooden tray,61,
129,libero_90_gen_t061_put_inside_container_905106c3,train,put_inside_container,inside/wooden_tray/black_bowl,inside/wooden_tray/black_bowl,akita_black_bowl_1,akita_black_bowl,2,black_bowl,wooden_tray_1,wooden_tray,none,pick up the akita black bowl and place it in the wooden tray,61,ambiguous pick object: 2 instances of `akita_black_bowl` but the pick clause does not disambiguate which one
130,libero_90_gen_t062_put_inside_container_9e1d154e,train,put_inside_container,inside/wooden_tray/black_bowl,inside/wooden_tray/black_bowl,akita_black_bowl_1,akita_black_bowl,2,black_bowl,wooden_tray_1,wooden_tray,none,pick up the akita black bowl and place it in the wooden tray,62,ambiguous pick object: 2 instances of `akita_black_bowl` but the pick clause does not disambiguate which one
131,libero_90_gen_t062_put_inside_container_a4422498,train,put_inside_container,inside/wooden_tray/flat_box,inside/wooden_tray/flat_box,chocolate_pudding_1,chocolate_pudding,1,flat_box,wooden_tray_1,wooden_tray,none,pick up the chocolate pudding and place it in the wooden tray,62,
132,libero_90_gen_t062_put_inside_container_e6e4a834,validation,put_inside_container,inside/wooden_tray/carton_bottle,inside/wooden_tray/carton_bottle,new_salad_dressing_1,new_salad_dressing,1,carton_bottle,wooden_tray_1,wooden_tray,none,pick up the new salad dressing and place it in the wooden tray,62,
133,libero_90_gen_t063_put_inside_container_440009e2,train,put_inside_container,inside/wooden_tray/flat_box,inside/wooden_tray/flat_box,chocolate_pudding_1,chocolate_pudding,1,flat_box,wooden_tray_1,wooden_tray,none,pick up the chocolate pudding and place it in the wooden tray,63,
134,libero_90_gen_t063_put_inside_container_de53ed1f,train,put_inside_container,inside/wooden_tray/black_bowl,inside/wooden_tray/black_bowl,akita_black_bowl_1,akita_black_bowl,2,black_bowl,wooden_tray_1,wooden_tray,none,pick up the akita black bowl and place it in the wooden tray,63,ambiguous pick object: 2 instances of `akita_black_bowl` but the pick clause does not disambiguate which one
135,libero_90_gen_t063_put_inside_container_f5b0e15b,validation,put_inside_container,inside/wooden_tray/carton_bottle,inside/wooden_tray/carton_bottle,new_salad_dressing_1,new_salad_dressing,1,carton_bottle,wooden_tray_1,wooden_tray,none,pick up the new salad dressing and place it in the wooden tray,63,
136,libero_90_gen_t064_put_inside_container_4f263c65,train,put_inside_container,inside/wooden_tray/flat_box,inside/wooden_tray/flat_box,chocolate_pudding_1,chocolate_pudding,1,flat_box,wooden_tray_1,wooden_tray,none,pick up the chocolate pudding and place it in the wooden tray,64,
137,libero_90_gen_t064_put_inside_container_70c56576,train,put_inside_container,inside/wooden_tray/carton_bottle,inside/wooden_tray/carton_bottle,new_salad_dressing_1,new_salad_dressing,1,carton_bottle,wooden_tray_1,wooden_tray,none,pick up the new salad dressing and place it in the wooden tray,64,
138,libero_90_gen_t064_put_inside_container_ba3a8a21,train,put_inside_container,inside/wooden_tray/black_bowl,inside/wooden_tray/black_bowl,akita_black_bowl_1,akita_black_bowl,2,black_bowl,wooden_tray_1,wooden_tray,none,pick up the akita black bowl and place it in the wooden tray,64,ambiguous pick object: 2 instances of `akita_black_bowl` but the pick clause does not disambiguate which one
139,libero_90_gen_t065_put_inside_container_1336cd3c,train,put_inside_container,inside/wooden_tray/carton_bottle,inside/wooden_tray/carton_bottle,new_salad_dressing_1,new_salad_dressing,1,carton_bottle,wooden_tray_1,wooden_tray,none,pick up the new salad dressing and place it in the wooden tray,65,
140,libero_90_gen_t065_put_inside_container_240b4540,validation,put_inside_container,inside/wooden_tray/black_bowl,inside/wooden_tray/black_bowl,akita_black_bowl_1,akita_black_bowl,2,black_bowl,wooden_tray_1,wooden_tray,none,pick up the akita black bowl and place it in the wooden tray,65,ambiguous pick object: 2 instances of `akita_black_bowl` but the pick clause does not disambiguate which one
141,libero_90_gen_t065_put_inside_container_bf3570c2,train,put_inside_container,inside/wooden_tray/flat_box,inside/wooden_tray/flat_box,chocolate_pudding_1,chocolate_pudding,1,flat_box,wooden_tray_1,wooden_tray,none,pick up the chocolate pudding and place it in the wooden tray,65,
142,libero_90_gen_t066_pick_place_on_surface_677bf15f,train,pick_place_on_surface,surface/plate/mug,surface/plate/mug,porcelain_mug_1,porcelain_mug,1,mug,plate_1,plate,none,pick up the porcelain mug and place it on the plate,66,
143,libero_90_gen_t066_pick_place_on_surface_9d69eb8c,validation,pick_place_on_surface,surface/plate/mug,surface/plate/mug,red_coffee_mug_1,red_coffee_mug,1,mug,plate_1,plate,none,pick up the red coffee mug and place it on the plate,66,
144,libero_90_gen_t066_pick_place_on_surface_b691b3fb,train,pick_place_on_surface,surface/plate/mug,surface/plate/mug,white_yellow_mug_1,white_yellow_mug,1,mug,plate_1,plate,none,pick up the white yellow mug and place it on the plate,66,
145,libero_90_gen_t067_pick_place_on_surface_1f5f6aa5,train,pick_place_on_surface,surface/plate/mug,surface/plate/mug,red_coffee_mug_1,red_coffee_mug,1,mug,plate_1,plate,none,pick up the red coffee mug and place it on the plate,67,
146,libero_90_gen_t067_pick_place_on_surface_aca70e82,train,pick_place_on_surface,surface/plate/mug,surface/plate/mug,porcelain_mug_1,porcelain_mug,1,mug,plate_1,plate,none,pick up the porcelain mug and place it on the plate,67,
147,libero_90_gen_t067_pick_place_on_surface_e4d80ead,train,pick_place_on_surface,surface/plate/mug,surface/plate/mug,white_yellow_mug_1,white_yellow_mug,1,mug,plate_1,plate,none,pick up the white yellow mug and place it on the plate,67,
148,libero_90_gen_t068_pick_place_on_surface_1ae4df24,validation,pick_place_on_surface,surface/plate/mug,surface/plate/mug,red_coffee_mug_1,red_coffee_mug,1,mug,plate_1,plate,none,pick up the red coffee mug and place it on the plate,68,
149,libero_90_gen_t068_pick_place_on_surface_3e5be95b,validation,pick_place_on_surface,surface/plate/mug,surface/plate/mug,porcelain_mug_1,porcelain_mug,1,mug,plate_1,plate,none,pick up the porcelain mug and place it on the plate,68,
150,libero_90_gen_t068_pick_place_on_surface_bb09f126,train,pick_place_on_surface,surface/plate/mug,surface/plate/mug,white_yellow_mug_1,white_yellow_mug,1,mug,plate_1,plate,none,pick up the white yellow mug and place it on the plate,68,
151,libero_90_gen_t069_pick_place_on_surface_7cef6e89,train,pick_place_on_surface,surface/plate/mug,surface/plate/mug,porcelain_mug_1,porcelain_mug,1,mug,plate_1,plate,none,pick up the porcelain mug and place it on the plate,69,
152,libero_90_gen_t069_pick_place_on_surface_95fe3ec9,train,pick_place_on_surface,surface/plate/mug,surface/plate/mug,white_yellow_mug_1,white_yellow_mug,1,mug,plate_1,plate,none,pick up the white yellow mug and place it on the plate,69,
153,libero_90_gen_t069_pick_place_on_surface_e07b86e8,train,pick_place_on_surface,surface/plate/mug,surface/plate/mug,red_coffee_mug_1,red_coffee_mug,1,mug,plate_1,plate,none,pick up the red coffee mug and place it on the plate,69,
154,libero_90_gen_t070_pick_place_on_surface_23c3d2cb,train,pick_place_on_surface,surface/plate/flat_box,surface/plate/flat_box,chocolate_pudding_1,chocolate_pudding,1,flat_box,plate_1,plate,none,pick up the chocolate pudding and place it on the plate,70,
155,libero_90_gen_t070_pick_place_on_surface_52ff5d32,train,pick_place_on_surface,surface/plate/mug,surface/plate/mug,red_coffee_mug_1,red_coffee_mug,1,mug,plate_1,plate,none,pick up the red coffee mug and place it on the plate,70,
156,libero_90_gen_t070_pick_place_on_surface_95e3b12f,validation,pick_place_on_surface,surface/plate/mug,surface/plate/mug,porcelain_mug_1,porcelain_mug,1,mug,plate_1,plate,none,pick up the porcelain mug and place it on the plate,70,
157,libero_90_gen_t071_pick_place_on_surface_2d88520c,train,pick_place_on_surface,surface/plate/mug,surface/plate/mug,red_coffee_mug_1,red_coffee_mug,1,mug,plate_1,plate,none,pick up the red coffee mug and place it on the plate,71,
158,libero_90_gen_t071_pick_place_on_surface_926e4661,train,pick_place_on_surface,surface/plate/flat_box,surface/plate/flat_box,chocolate_pudding_1,chocolate_pudding,1,flat_box,plate_1,plate,none,pick up the chocolate pudding and place it on the plate,71,
159,libero_90_gen_t071_pick_place_on_surface_c2565879,train,pick_place_on_surface,surface/plate/mug,surface/plate/mug,porcelain_mug_1,porcelain_mug,1,mug,plate_1,plate,none,pick up the porcelain mug and place it on the plate,71,
160,libero_90_gen_t072_pick_place_on_surface_14a64736,train,pick_place_on_surface,surface/plate/mug,surface/plate/mug,porcelain_mug_1,porcelain_mug,1,mug,plate_1,plate,none,pick up the porcelain mug and place it on the plate,72,
161,libero_90_gen_t072_pick_place_on_surface_b6a96d47,train,pick_place_on_surface,surface/plate/flat_box,surface/plate/flat_box,chocolate_pudding_1,chocolate_pudding,1,flat_box,plate_1,plate,none,pick up the chocolate pudding and place it on the plate,72,
162,libero_90_gen_t072_pick_place_on_surface_e808fe38,validation,pick_place_on_surface,surface/plate/mug,surface/plate/mug,red_coffee_mug_1,red_coffee_mug,1,mug,plate_1,plate,none,pick up the red coffee mug and place it on the plate,72,
163,libero_90_gen_t073_pick_place_on_surface_1171afa7,train,pick_place_on_surface,surface/plate/mug,surface/plate/mug,red_coffee_mug_1,red_coffee_mug,1,mug,plate_1,plate,none,pick up the red coffee mug and place it on the plate,73,
164,libero_90_gen_t073_pick_place_on_surface_2182e8a6,train,pick_place_on_surface,surface/plate/flat_box,surface/plate/flat_box,chocolate_pudding_1,chocolate_pudding,1,flat_box,plate_1,plate,none,pick up the chocolate pudding and place it on the plate,73,
165,libero_90_gen_t073_pick_place_on_surface_682603bd,train,pick_place_on_surface,surface/plate/mug,surface/plate/mug,porcelain_mug_1,porcelain_mug,1,mug,plate_1,plate,none,pick up the porcelain mug and place it on the plate,73,
166,libero_90_gen_t074_caddy_compartment_090d568c,train,caddy_compartment,caddy_compartment/book,caddy_compartment/book/front,black_book_1,black_book,1,book,desk_caddy_1,desk_caddy,front,pick up the black book and place it in the front compartment of the caddy,74,
167,libero_90_gen_t074_caddy_compartment_207ed625,train,caddy_compartment,caddy_compartment/mug,caddy_compartment/mug/front,white_yellow_mug_1,white_yellow_mug,1,mug,desk_caddy_1,desk_caddy,front,pick up the white yellow mug and place it in the front compartment of the caddy,74,
168,libero_90_gen_t074_caddy_compartment_5f07ec23,train,caddy_compartment,caddy_compartment/book,caddy_compartment/book/left,black_book_1,black_book,1,book,desk_caddy_1,desk_caddy,left,pick up the black book and place it in the left compartment of the caddy,74,
169,libero_90_gen_t074_caddy_compartment_65a242d6,train,caddy_compartment,caddy_compartment/book,caddy_compartment/book/right,black_book_1,black_book,1,book,desk_caddy_1,desk_caddy,right,pick up the black book and place it in the right compartment of the caddy,74,
170,libero_90_gen_t074_caddy_compartment_b33adb35,train,caddy_compartment,caddy_compartment/mug,caddy_compartment/mug/right,white_yellow_mug_1,white_yellow_mug,1,mug,desk_caddy_1,desk_caddy,right,pick up the white yellow mug and place it in the right compartment of the caddy,74,
171,libero_90_gen_t074_caddy_compartment_d01d55fa,train,caddy_compartment,caddy_compartment/mug,caddy_compartment/mug/left,white_yellow_mug_1,white_yellow_mug,1,mug,desk_caddy_1,desk_caddy,left,pick up the white yellow mug and place it in the left compartment of the caddy,74,
172,libero_90_gen_t074_caddy_compartment_dee69ebc,train,caddy_compartment,caddy_compartment/book,caddy_compartment/book/back,black_book_1,black_book,1,book,desk_caddy_1,desk_caddy,back,pick up the black book and place it in the back compartment of the caddy,74,
173,libero_90_gen_t074_caddy_compartment_fde6062a,train,caddy_compartment,caddy_compartment/mug,caddy_compartment/mug/back,white_yellow_mug_1,white_yellow_mug,1,mug,desk_caddy_1,desk_caddy,back,pick up the white yellow mug and place it in the back compartment of the caddy,74,
174,libero_90_gen_t075_caddy_compartment_16fac3c5,train,caddy_compartment,caddy_compartment/book,caddy_compartment/book/left,black_book_1,black_book,1,book,desk_caddy_1,desk_caddy,left,pick up the black book and place it in the left compartment of the caddy,75,
175,libero_90_gen_t075_caddy_compartment_2b44dac5,train,caddy_compartment,caddy_compartment/mug,caddy_compartment/mug/front,white_yellow_mug_1,white_yellow_mug,1,mug,desk_caddy_1,desk_caddy,front,pick up the white yellow mug and place it in the front compartment of the caddy,75,
176,libero_90_gen_t075_caddy_compartment_3012d989,train,caddy_compartment,caddy_compartment/mug,caddy_compartment/mug/left,white_yellow_mug_1,white_yellow_mug,1,mug,desk_caddy_1,desk_caddy,left,pick up the white yellow mug and place it in the left compartment of the caddy,75,
177,libero_90_gen_t075_caddy_compartment_43f78ec4,validation,caddy_compartment,caddy_compartment/mug,caddy_compartment/mug/back,white_yellow_mug_1,white_yellow_mug,1,mug,desk_caddy_1,desk_caddy,back,pick up the white yellow mug and place it in the back compartment of the caddy,75,
178,libero_90_gen_t075_caddy_compartment_627dc685,train,caddy_compartment,caddy_compartment/book,caddy_compartment/book/right,black_book_1,black_book,1,book,desk_caddy_1,desk_caddy,right,pick up the black book and place it in the right compartment of the caddy,75,
179,libero_90_gen_t075_caddy_compartment_d253f5c5,train,caddy_compartment,caddy_compartment/mug,caddy_compartment/mug/right,white_yellow_mug_1,white_yellow_mug,1,mug,desk_caddy_1,desk_caddy,right,pick up the white yellow mug and place it in the right compartment of the caddy,75,
180,libero_90_gen_t075_caddy_compartment_e4e9a54c,train,caddy_compartment,caddy_compartment/book,caddy_compartment/book/back,black_book_1,black_book,1,book,desk_caddy_1,desk_caddy,back,pick up the black book and place it in the back compartment of the caddy,75,
181,libero_90_gen_t075_caddy_compartment_fb9ced54,train,caddy_compartment,caddy_compartment/book,caddy_compartment/book/front,black_book_1,black_book,1,book,desk_caddy_1,desk_caddy,front,pick up the black book and place it in the front compartment of the caddy,75,
182,libero_90_gen_t076_caddy_compartment_06628bd0,train,caddy_compartment,caddy_compartment/book,caddy_compartment/book/left,black_book_1,black_book,1,book,desk_caddy_1,desk_caddy,left,pick up the black book and place it in the left compartment of the caddy,76,
183,libero_90_gen_t076_caddy_compartment_0b2f8be2,train,caddy_compartment,caddy_compartment/book,caddy_compartment/book/front,black_book_1,black_book,1,book,desk_caddy_1,desk_caddy,front,pick up the black book and place it in the front compartment of the caddy,76,
184,libero_90_gen_t076_caddy_compartment_38e811a5,validation,caddy_compartment,caddy_compartment/mug,caddy_compartment/mug/front,white_yellow_mug_1,white_yellow_mug,1,mug,desk_caddy_1,desk_caddy,front,pick up the white yellow mug and place it in the front compartment of the caddy,76,
185,libero_90_gen_t076_caddy_compartment_651c4351,validation,caddy_compartment,caddy_compartment/book,caddy_compartment/book/back,black_book_1,black_book,1,book,desk_caddy_1,desk_caddy,back,pick up the black book and place it in the back compartment of the caddy,76,
186,libero_90_gen_t076_caddy_compartment_6c3fab26,validation,caddy_compartment,caddy_compartment/mug,caddy_compartment/mug/left,white_yellow_mug_1,white_yellow_mug,1,mug,desk_caddy_1,desk_caddy,left,pick up the white yellow mug and place it in the left compartment of the caddy,76,
187,libero_90_gen_t076_caddy_compartment_99e08d62,train,caddy_compartment,caddy_compartment/book,caddy_compartment/book/right,black_book_1,black_book,1,book,desk_caddy_1,desk_caddy,right,pick up the black book and place it in the right compartment of the caddy,76,
188,libero_90_gen_t076_caddy_compartment_c9292191,train,caddy_compartment,caddy_compartment/mug,caddy_compartment/mug/back,white_yellow_mug_1,white_yellow_mug,1,mug,desk_caddy_1,desk_caddy,back,pick up the white yellow mug and place it in the back compartment of the caddy,76,
189,libero_90_gen_t076_caddy_compartment_f40e0307,validation,caddy_compartment,caddy_compartment/mug,caddy_compartment/mug/right,white_yellow_mug_1,white_yellow_mug,1,mug,desk_caddy_1,desk_caddy,right,pick up the white yellow mug and place it in the right compartment of the caddy,76,
190,libero_90_gen_t077_caddy_compartment_06dd6160,validation,caddy_compartment,caddy_compartment/book,caddy_compartment/book/left,black_book_1,black_book,1,book,desk_caddy_1,desk_caddy,left,pick up the black book and place it in the left compartment of the caddy,77,
191,libero_90_gen_t077_caddy_compartment_551919b4,train,caddy_compartment,caddy_compartment/mug,caddy_compartment/mug/front,white_yellow_mug_1,white_yellow_mug,1,mug,desk_caddy_1,desk_caddy,front,pick up the white yellow mug and place it in the front compartment of the caddy,77,
192,libero_90_gen_t077_caddy_compartment_5ad47e40,train,caddy_compartment,caddy_compartment/mug,caddy_compartment/mug/right,white_yellow_mug_1,white_yellow_mug,1,mug,desk_caddy_1,desk_caddy,right,pick up the white yellow mug and place it in the right compartment of the caddy,77,
193,libero_90_gen_t077_caddy_compartment_7694d452,train,caddy_compartment,caddy_compartment/book,caddy_compartment/book/right,black_book_1,black_book,1,book,desk_caddy_1,desk_caddy,right,pick up the black book and place it in the right compartment of the caddy,77,
194,libero_90_gen_t077_caddy_compartment_91a1b0df,train,caddy_compartment,caddy_compartment/mug,caddy_compartment/mug/left,white_yellow_mug_1,white_yellow_mug,1,mug,desk_caddy_1,desk_caddy,left,pick up the white yellow mug and place it in the left compartment of the caddy,77,
195,libero_90_gen_t077_caddy_compartment_bb340cd2,train,caddy_compartment,caddy_compartment/book,caddy_compartment/book/back,black_book_1,black_book,1,book,desk_caddy_1,desk_caddy,back,pick up the black book and place it in the back compartment of the caddy,77,
196,libero_90_gen_t077_caddy_compartment_d2ed969c,train,caddy_compartment,caddy_compartment/mug,caddy_compartment/mug/back,white_yellow_mug_1,white_yellow_mug,1,mug,desk_caddy_1,desk_caddy,back,pick up the white yellow mug and place it in the back compartment of the caddy,77,
197,libero_90_gen_t077_caddy_compartment_e2d196d4,train,caddy_compartment,caddy_compartment/book,caddy_compartment/book/front,black_book_1,black_book,1,book,desk_caddy_1,desk_caddy,front,pick up the black book and place it in the front compartment of the caddy,77,
198,libero_90_gen_t078_caddy_compartment_18fddc98,smoke,caddy_compartment,caddy_compartment/book,caddy_compartment/book/front,black_book_1,black_book,1,book,desk_caddy_1,desk_caddy,front,pick up the black book and place it in the front compartment of the caddy,78,
199,libero_90_gen_t078_caddy_compartment_66963d0e,train,caddy_compartment,caddy_compartment/book,caddy_compartment/book/right,black_book_1,black_book,1,book,desk_caddy_1,desk_caddy,right,pick up the black book and place it in the right compartment of the caddy,78,
200,libero_90_gen_t078_caddy_compartment_72bdbb94,train,caddy_compartment,caddy_compartment/mug,caddy_compartment/mug/left,red_coffee_mug_1,red_coffee_mug,1,mug,desk_caddy_1,desk_caddy,left,pick up the red coffee mug and place it in the left compartment of the caddy,78,
201,libero_90_gen_t078_caddy_compartment_84bb4a1c,train,caddy_compartment,caddy_compartment/book,caddy_compartment/book/left,black_book_1,black_book,1,book,desk_caddy_1,desk_caddy,left,pick up the black book and place it in the left compartment of the caddy,78,
202,libero_90_gen_t078_caddy_compartment_85e475c1,train,caddy_compartment,caddy_compartment/mug,caddy_compartment/mug/right,red_coffee_mug_1,red_coffee_mug,1,mug,desk_caddy_1,desk_caddy,right,pick up the red coffee mug and place it in the right compartment of the caddy,78,
203,libero_90_gen_t078_caddy_compartment_9d50bbaf,validation,caddy_compartment,caddy_compartment/mug,caddy_compartment/mug/back,red_coffee_mug_1,red_coffee_mug,1,mug,desk_caddy_1,desk_caddy,back,pick up the red coffee mug and place it in the back compartment of the caddy,78,
204,libero_90_gen_t078_caddy_compartment_cb9ffbbf,train,caddy_compartment,caddy_compartment/book,caddy_compartment/book/back,black_book_1,black_book,1,book,desk_caddy_1,desk_caddy,back,pick up the black book and place it in the back compartment of the caddy,78,
205,libero_90_gen_t078_caddy_compartment_fef51c85,train,caddy_compartment,caddy_compartment/mug,caddy_compartment/mug/front,red_coffee_mug_1,red_coffee_mug,1,mug,desk_caddy_1,desk_caddy,front,pick up the red coffee mug and place it in the front compartment of the caddy,78,
206,libero_90_gen_t079_caddy_compartment_3a4e1c51,train,caddy_compartment,caddy_compartment/mug,caddy_compartment/mug/right,red_coffee_mug_1,red_coffee_mug,1,mug,desk_caddy_1,desk_caddy,right,pick up the red coffee mug and place it in the right compartment of the caddy,79,
207,libero_90_gen_t079_caddy_compartment_58838155,validation,caddy_compartment,caddy_compartment/mug,caddy_compartment/mug/left,red_coffee_mug_1,red_coffee_mug,1,mug,desk_caddy_1,desk_caddy,left,pick up the red coffee mug and place it in the left compartment of the caddy,79,
208,libero_90_gen_t079_caddy_compartment_5c64af89,train,caddy_compartment,caddy_compartment/mug,caddy_compartment/mug/front,red_coffee_mug_1,red_coffee_mug,1,mug,desk_caddy_1,desk_caddy,front,pick up the red coffee mug and place it in the front compartment of the caddy,79,
209,libero_90_gen_t079_caddy_compartment_651df544,train,caddy_compartment,caddy_compartment/book,caddy_compartment/book/back,black_book_1,black_book,1,book,desk_caddy_1,desk_caddy,back,pick up the black book and place it in the back compartment of the caddy,79,
210,libero_90_gen_t079_caddy_compartment_6db0ac21,train,caddy_compartment,caddy_compartment/book,caddy_compartment/book/left,black_book_1,black_book,1,book,desk_caddy_1,desk_caddy,left,pick up the black book and place it in the left compartment of the caddy,79,
211,libero_90_gen_t079_caddy_compartment_cc24226e,train,caddy_compartment,caddy_compartment/book,caddy_compartment/book/right,black_book_1,black_book,1,book,desk_caddy_1,desk_caddy,right,pick up the black book and place it in the right compartment of the caddy,79,
212,libero_90_gen_t079_caddy_compartment_d3057d3c,train,caddy_compartment,caddy_compartment/mug,caddy_compartment/mug/back,red_coffee_mug_1,red_coffee_mug,1,mug,desk_caddy_1,desk_caddy,back,pick up the red coffee mug and place it in the back compartment of the caddy,79,
213,libero_90_gen_t079_caddy_compartment_fdbcafdf,train,caddy_compartment,caddy_compartment/book,caddy_compartment/book/front,black_book_1,black_book,1,book,desk_caddy_1,desk_caddy,front,pick up the black book and place it in the front compartment of the caddy,79,
214,libero_90_gen_t080_caddy_compartment_3da0ea50,train,caddy_compartment,caddy_compartment/mug,caddy_compartment/mug/left,red_coffee_mug_1,red_coffee_mug,1,mug,desk_caddy_1,desk_caddy,left,pick up the red coffee mug and place it in the left compartment of the caddy,80,
215,libero_90_gen_t080_caddy_compartment_6ad09000,train,caddy_compartment,caddy_compartment/mug,caddy_compartment/mug/right,red_coffee_mug_1,red_coffee_mug,1,mug,desk_caddy_1,desk_caddy,right,pick up the red coffee mug and place it in the right compartment of the caddy,80,
216,libero_90_gen_t080_caddy_compartment_6ea4bdd7,train,caddy_compartment,caddy_compartment/book,caddy_compartment/book/left,black_book_1,black_book,1,book,desk_caddy_1,desk_caddy,left,pick up the black book and place it in the left compartment of the caddy,80,
217,libero_90_gen_t080_caddy_compartment_a24b3627,train,caddy_compartment,caddy_compartment/book,caddy_compartment/book/right,black_book_1,black_book,1,book,desk_caddy_1,desk_caddy,right,pick up the black book and place it in the right compartment of the caddy,80,
218,libero_90_gen_t080_caddy_compartment_b7dda14a,validation,caddy_compartment,caddy_compartment/mug,caddy_compartment/mug/back,red_coffee_mug_1,red_coffee_mug,1,mug,desk_caddy_1,desk_caddy,back,pick up the red coffee mug and place it in the back compartment of the caddy,80,
219,libero_90_gen_t080_caddy_compartment_c2ac8abf,train,caddy_compartment,caddy_compartment/book,caddy_compartment/book/back,black_book_1,black_book,1,book,desk_caddy_1,desk_caddy,back,pick up the black book and place it in the back compartment of the caddy,80,
220,libero_90_gen_t080_caddy_compartment_eb22605e,train,caddy_compartment,caddy_compartment/book,caddy_compartment/book/front,black_book_1,black_book,1,book,desk_caddy_1,desk_caddy,front,pick up the black book and place it in the front compartment of the caddy,80,
221,libero_90_gen_t080_caddy_compartment_f58109d1,train,caddy_compartment,caddy_compartment/mug,caddy_compartment/mug/front,red_coffee_mug_1,red_coffee_mug,1,mug,desk_caddy_1,desk_caddy,front,pick up the red coffee mug and place it in the front compartment of the caddy,80,
222,libero_90_gen_t081_caddy_compartment_3a9c0380,train,caddy_compartment,caddy_compartment/book,caddy_compartment/book/right,black_book_1,black_book,1,book,desk_caddy_1,desk_caddy,right,pick up the black book and place it in the right compartment of the caddy,81,
223,libero_90_gen_t081_caddy_compartment_469e4ebd,train,caddy_compartment,caddy_compartment/mug,caddy_compartment/mug/back,red_coffee_mug_1,red_coffee_mug,1,mug,desk_caddy_1,desk_caddy,back,pick up the red coffee mug and place it in the back compartment of the caddy,81,
224,libero_90_gen_t081_caddy_compartment_5da3ac85,validation,caddy_compartment,caddy_compartment/book,caddy_compartment/book/left,black_book_1,black_book,1,book,desk_caddy_1,desk_caddy,left,pick up the black book and place it in the left compartment of the caddy,81,
225,libero_90_gen_t081_caddy_compartment_61af4af3,train,caddy_compartment,caddy_compartment/mug,caddy_compartment/mug/right,red_coffee_mug_1,red_coffee_mug,1,mug,desk_caddy_1,desk_caddy,right,pick up the red coffee mug and place it in the right compartment of the caddy,81,
226,libero_90_gen_t081_caddy_compartment_7573846d,train,caddy_compartment,caddy_compartment/book,caddy_compartment/book/back,black_book_1,black_book,1,book,desk_caddy_1,desk_caddy,back,pick up the black book and place it in the back compartment of the caddy,81,
227,libero_90_gen_t081_caddy_compartment_7d58add5,validation,caddy_compartment,caddy_compartment/mug,caddy_compartment/mug/left,red_coffee_mug_1,red_coffee_mug,1,mug,desk_caddy_1,desk_caddy,left,pick up the red coffee mug and place it in the left compartment of the caddy,81,
228,libero_90_gen_t081_caddy_compartment_c13a8711,train,caddy_compartment,caddy_compartment/book,caddy_compartment/book/front,black_book_1,black_book,1,book,desk_caddy_1,desk_caddy,front,pick up the black book and place it in the front compartment of the caddy,81,
229,libero_90_gen_t081_caddy_compartment_de2f986c,train,caddy_compartment,caddy_compartment/mug,caddy_compartment/mug/front,red_coffee_mug_1,red_coffee_mug,1,mug,desk_caddy_1,desk_caddy,front,pick up the red coffee mug and place it in the front compartment of the caddy,81,
230,libero_90_gen_t082_caddy_compartment_04e625ea,validation,caddy_compartment,caddy_compartment/book,caddy_compartment/book/back,black_book_1,black_book,1,book,desk_caddy_1,desk_caddy,back,pick up the black book and place it in the back compartment of the caddy,82,
231,libero_90_gen_t082_caddy_compartment_09ee87a7,train,caddy_compartment,caddy_compartment/mug,caddy_compartment/mug/right,porcelain_mug_1,porcelain_mug,1,mug,desk_caddy_1,desk_caddy,right,pick up the porcelain mug and place it in the right compartment of the caddy,82,
232,libero_90_gen_t082_caddy_compartment_19aeb52c,train,caddy_compartment,caddy_compartment/mug,caddy_compartment/mug/right,red_coffee_mug_1,red_coffee_mug,1,mug,desk_caddy_1,desk_caddy,right,pick up the red coffee mug and place it in the right compartment of the caddy,82,
233,libero_90_gen_t082_caddy_compartment_23b837b1,train,caddy_compartment,caddy_compartment/mug,caddy_compartment/mug/back,red_coffee_mug_1,red_coffee_mug,1,mug,desk_caddy_1,desk_caddy,back,pick up the red coffee mug and place it in the back compartment of the caddy,82,
234,libero_90_gen_t082_caddy_compartment_61b6dbb6,train,caddy_compartment,caddy_compartment/mug,caddy_compartment/mug/back,porcelain_mug_1,porcelain_mug,1,mug,desk_caddy_1,desk_caddy,back,pick up the porcelain mug and place it in the back compartment of the caddy,82,
235,libero_90_gen_t082_caddy_compartment_68a64b4a,train,caddy_compartment,caddy_compartment/mug,caddy_compartment/mug/front,red_coffee_mug_1,red_coffee_mug,1,mug,desk_caddy_1,desk_caddy,front,pick up the red coffee mug and place it in the front compartment of the caddy,82,
236,libero_90_gen_t082_caddy_compartment_6d7c9066,train,caddy_compartment,caddy_compartment/mug,caddy_compartment/mug/front,porcelain_mug_1,porcelain_mug,1,mug,desk_caddy_1,desk_caddy,front,pick up the porcelain mug and place it in the front compartment of the caddy,82,
237,libero_90_gen_t082_caddy_compartment_9d8e507f,train,caddy_compartment,caddy_compartment/mug,caddy_compartment/mug/left,porcelain_mug_1,porcelain_mug,1,mug,desk_caddy_1,desk_caddy,left,pick up the porcelain mug and place it in the left compartment of the caddy,82,
238,libero_90_gen_t082_caddy_compartment_9f2efb58,train,caddy_compartment,caddy_compartment/book,caddy_compartment/book/front,black_book_1,black_book,1,book,desk_caddy_1,desk_caddy,front,pick up the black book and place it in the front compartment of the caddy,82,
239,libero_90_gen_t082_caddy_compartment_c4d5c7d6,train,caddy_compartment,caddy_compartment/mug,caddy_compartment/mug/left,red_coffee_mug_1,red_coffee_mug,1,mug,desk_caddy_1,desk_caddy,left,pick up the red coffee mug and place it in the left compartment of the caddy,82,
240,libero_90_gen_t082_caddy_compartment_c87582ff,validation,caddy_compartment,caddy_compartment/book,caddy_compartment/book/left,black_book_1,black_book,1,book,desk_caddy_1,desk_caddy,left,pick up the black book and place it in the left compartment of the caddy,82,
241,libero_90_gen_t082_caddy_compartment_f3a083af,train,caddy_compartment,caddy_compartment/book,caddy_compartment/book/right,black_book_1,black_book,1,book,desk_caddy_1,desk_caddy,right,pick up the black book and place it in the right compartment of the caddy,82,
242,libero_90_gen_t082_put_inside_container_396769b3,validation,put_inside_container,inside/desk_caddy/book,inside/desk_caddy/book/front,black_book_1,black_book,1,book,study_table_desk_caddy_front,desk_caddy,front,pick up the black book and place it in the study table desk caddy front,82,
243,libero_90_gen_t082_put_inside_container_7dc83104,train,put_inside_container,inside/desk_caddy/mug,inside/desk_caddy/mug/front,red_coffee_mug_1,red_coffee_mug,1,mug,study_table_desk_caddy_front,desk_caddy,front,pick up the red coffee mug and place it in the study table desk caddy front,82,
244,libero_90_gen_t082_put_inside_container_f4918081,train,put_inside_container,inside/desk_caddy/mug,inside/desk_caddy/mug/front,porcelain_mug_1,porcelain_mug,1,mug,study_table_desk_caddy_front,desk_caddy,front,pick up the porcelain mug and place it in the study table desk caddy front,82,
245,libero_90_gen_t083_caddy_compartment_25b34b9a,train,caddy_compartment,caddy_compartment/book,caddy_compartment/book/front,black_book_1,black_book,1,book,desk_caddy_1,desk_caddy,front,pick up the black book and place it in the front compartment of the caddy,83,
246,libero_90_gen_t083_caddy_compartment_358b12b4,train,caddy_compartment,caddy_compartment/book,caddy_compartment/book/left,black_book_1,black_book,1,book,desk_caddy_1,desk_caddy,left,pick up the black book and place it in the left compartment of the caddy,83,
247,libero_90_gen_t083_caddy_compartment_5c0b1d4f,train,caddy_compartment,caddy_compartment/mug,caddy_compartment/mug/front,porcelain_mug_1,porcelain_mug,1,mug,desk_caddy_1,desk_caddy,front,pick up the porcelain mug and place it in the front compartment of the caddy,83,
248,libero_90_gen_t083_caddy_compartment_5ca10b77,train,caddy_compartment,caddy_compartment/book,caddy_compartment/book/right,black_book_1,black_book,1,book,desk_caddy_1,desk_caddy,right,pick up the black book and place it in the right compartment of the caddy,83,
249,libero_90_gen_t083_caddy_compartment_8bc7af1d,train,caddy_compartment,caddy_compartment/mug,caddy_compartment/mug/front,red_coffee_mug_1,red_coffee_mug,1,mug,desk_caddy_1,desk_caddy,front,pick up the red coffee mug and place it in the front compartment of the caddy,83,
250,libero_90_gen_t083_caddy_compartment_939a45d2,validation,caddy_compartment,caddy_compartment/mug,caddy_compartment/mug/left,porcelain_mug_1,porcelain_mug,1,mug,desk_caddy_1,desk_caddy,left,pick up the porcelain mug and place it in the left compartment of the caddy,83,
251,libero_90_gen_t083_caddy_compartment_95bd56c8,train,caddy_compartment,caddy_compartment/mug,caddy_compartment/mug/back,porcelain_mug_1,porcelain_mug,1,mug,desk_caddy_1,desk_caddy,back,pick up the porcelain mug and place it in the back compartment of the caddy,83,
252,libero_90_gen_t083_caddy_compartment_ae063477,train,caddy_compartment,caddy_compartment/book,caddy_compartment/book/back,black_book_1,black_book,1,book,desk_caddy_1,desk_caddy,back,pick up the black book and place it in the back compartment of the caddy,83,
253,libero_90_gen_t083_caddy_compartment_bd55eff1,train,caddy_compartment,caddy_compartment/mug,caddy_compartment/mug/right,red_coffee_mug_1,red_coffee_mug,1,mug,desk_caddy_1,desk_caddy,right,pick up the red coffee mug and place it in the right compartment of the caddy,83,
254,libero_90_gen_t083_caddy_compartment_d5d06935,train,caddy_compartment,caddy_compartment/mug,caddy_compartment/mug/left,red_coffee_mug_1,red_coffee_mug,1,mug,desk_caddy_1,desk_caddy,left,pick up the red coffee mug and place it in the left compartment of the caddy,83,
255,libero_90_gen_t083_caddy_compartment_f896fdb3,train,caddy_compartment,caddy_compartment/mug,caddy_compartment/mug/back,red_coffee_mug_1,red_coffee_mug,1,mug,desk_caddy_1,desk_caddy,back,pick up the red coffee mug and place it in the back compartment of the caddy,83,
256,libero_90_gen_t083_caddy_compartment_ff161849,train,caddy_compartment,caddy_compartment/mug,caddy_compartment/mug/right,porcelain_mug_1,porcelain_mug,1,mug,desk_caddy_1,desk_caddy,right,pick up the porcelain mug and place it in the right compartment of the caddy,83,
257,libero_90_gen_t083_put_inside_container_2c376bf7,validation,put_inside_container,inside/desk_caddy/mug,inside/desk_caddy/mug/front,porcelain_mug_1,porcelain_mug,1,mug,study_table_desk_caddy_front,desk_caddy,front,pick up the porcelain mug and place it in the study table desk caddy front,83,
258,libero_90_gen_t083_put_inside_container_852a841b,validation,put_inside_container,inside/desk_caddy/mug,inside/desk_caddy/mug/front,red_coffee_mug_1,red_coffee_mug,1,mug,study_table_desk_caddy_front,desk_caddy,front,pick up the red coffee mug and place it in the study table desk caddy front,83,
259,libero_90_gen_t083_put_inside_container_cdb450d5,train,put_inside_container,inside/desk_caddy/book,inside/desk_caddy/book/front,black_book_1,black_book,1,book,study_table_desk_caddy_front,desk_caddy,front,pick up the black book and place it in the study table desk caddy front,83,
260,libero_90_gen_t084_caddy_compartment_04224a3e,train,caddy_compartment,caddy_compartment/book,caddy_compartment/book/right,black_book_1,black_book,1,book,desk_caddy_1,desk_caddy,right,pick up the black book and place it in the right compartment of the caddy,84,
261,libero_90_gen_t084_caddy_compartment_1898e212,train,caddy_compartment,caddy_compartment/mug,caddy_compartment/mug/left,porcelain_mug_1,porcelain_mug,1,mug,desk_caddy_1,desk_caddy,left,pick up the porcelain mug and place it in the left compartment of the caddy,84,
262,libero_90_gen_t084_caddy_compartment_26208697,train,caddy_compartment,caddy_compartment/mug,caddy_compartment/mug/back,porcelain_mug_1,porcelain_mug,1,mug,desk_caddy_1,desk_caddy,back,pick up the porcelain mug and place it in the back compartment of the caddy,84,
263,libero_90_gen_t084_caddy_compartment_26c8e096,train,caddy_compartment,caddy_compartment/mug,caddy_compartment/mug/right,red_coffee_mug_1,red_coffee_mug,1,mug,desk_caddy_1,desk_caddy,right,pick up the red coffee mug and place it in the right compartment of the caddy,84,
264,libero_90_gen_t084_caddy_compartment_316286e4,train,caddy_compartment,caddy_compartment/book,caddy_compartment/book/left,black_book_1,black_book,1,book,desk_caddy_1,desk_caddy,left,pick up the black book and place it in the left compartment of the caddy,84,
265,libero_90_gen_t084_caddy_compartment_489f9d01,train,caddy_compartment,caddy_compartment/mug,caddy_compartment/mug/front,red_coffee_mug_1,red_coffee_mug,1,mug,desk_caddy_1,desk_caddy,front,pick up the red coffee mug and place it in the front compartment of the caddy,84,
266,libero_90_gen_t084_caddy_compartment_7c8a5807,train,caddy_compartment,caddy_compartment/mug,caddy_compartment/mug/left,red_coffee_mug_1,red_coffee_mug,1,mug,desk_caddy_1,desk_caddy,left,pick up the red coffee mug and place it in the left compartment of the caddy,84,
267,libero_90_gen_t084_caddy_compartment_7e2fe794,train,caddy_compartment,caddy_compartment/mug,caddy_compartment/mug/front,porcelain_mug_1,porcelain_mug,1,mug,desk_caddy_1,desk_caddy,front,pick up the porcelain mug and place it in the front compartment of the caddy,84,
268,libero_90_gen_t084_caddy_compartment_7e36c2e0,train,caddy_compartment,caddy_compartment/mug,caddy_compartment/mug/right,porcelain_mug_1,porcelain_mug,1,mug,desk_caddy_1,desk_caddy,right,pick up the porcelain mug and place it in the right compartment of the caddy,84,
269,libero_90_gen_t084_caddy_compartment_895587de,train,caddy_compartment,caddy_compartment/book,caddy_compartment/book/back,black_book_1,black_book,1,book,desk_caddy_1,desk_caddy,back,pick up the black book and place it in the back compartment of the caddy,84,
270,libero_90_gen_t084_caddy_compartment_c823e2ce,train,caddy_compartment,caddy_compartment/mug,caddy_compartment/mug/back,red_coffee_mug_1,red_coffee_mug,1,mug,desk_caddy_1,desk_caddy,back,pick up the red coffee mug and place it in the back compartment of the caddy,84,
271,libero_90_gen_t084_caddy_compartment_dcf77fac,train,caddy_compartment,caddy_compartment/book,caddy_compartment/book/front,black_book_1,black_book,1,book,desk_caddy_1,desk_caddy,front,pick up the black book and place it in the front compartment of the caddy,84,
272,libero_90_gen_t084_put_inside_container_569ccff7,train,put_inside_container,inside/desk_caddy/mug,inside/desk_caddy/mug/front,porcelain_mug_1,porcelain_mug,1,mug,study_table_desk_caddy_front,desk_caddy,front,pick up the porcelain mug and place it in the study table desk caddy front,84,
273,libero_90_gen_t084_put_inside_container_e35e2e18,train,put_inside_container,inside/desk_caddy/mug,inside/desk_caddy/mug/front,red_coffee_mug_1,red_coffee_mug,1,mug,study_table_desk_caddy_front,desk_caddy,front,pick up the red coffee mug and place it in the study table desk caddy front,84,
274,libero_90_gen_t084_put_inside_container_e80ddf7f,train,put_inside_container,inside/desk_caddy/book,inside/desk_caddy/book/front,black_book_1,black_book,1,book,study_table_desk_caddy_front,desk_caddy,front,pick up the black book and place it in the study table desk caddy front,84,
275,libero_90_gen_t085_caddy_compartment_02a76c0a,train,caddy_compartment,caddy_compartment/mug,caddy_compartment/mug/left,red_coffee_mug_1,red_coffee_mug,1,mug,desk_caddy_1,desk_caddy,left,pick up the red coffee mug and place it in the left compartment of the caddy,85,
276,libero_90_gen_t085_caddy_compartment_05aa67a6,train,caddy_compartment,caddy_compartment/mug,caddy_compartment/mug/front,red_coffee_mug_1,red_coffee_mug,1,mug,desk_caddy_1,desk_caddy,front,pick up the red coffee mug and place it in the front compartment of the caddy,85,
277,libero_90_gen_t085_caddy_compartment_34950d8c,train,caddy_compartment,caddy_compartment/book,caddy_compartment/book/right,black_book_1,black_book,1,book,desk_caddy_1,desk_caddy,right,pick up the black book and place it in the right compartment of the caddy,85,
278,libero_90_gen_t085_caddy_compartment_48bf6cb9,validation,caddy_compartment,caddy_compartment/mug,caddy_compartment/mug/left,porcelain_mug_1,porcelain_mug,1,mug,desk_caddy_1,desk_caddy,left,pick up the porcelain mug and place it in the left compartment of the caddy,85,
279,libero_90_gen_t085_caddy_compartment_63e10fec,train,caddy_compartment,caddy_compartment/book,caddy_compartment/book/front,black_book_1,black_book,1,book,desk_caddy_1,desk_caddy,front,pick up the black book and place it in the front compartment of the caddy,85,
280,libero_90_gen_t085_caddy_compartment_6fca68a5,train,caddy_compartment,caddy_compartment/mug,caddy_compartment/mug/right,red_coffee_mug_1,red_coffee_mug,1,mug,desk_caddy_1,desk_caddy,right,pick up the red coffee mug and place it in the right compartment of the caddy,85,
281,libero_90_gen_t085_caddy_compartment_757b7a94,train,caddy_compartment,caddy_compartment/mug,caddy_compartment/mug/right,porcelain_mug_1,porcelain_mug,1,mug,desk_caddy_1,desk_caddy,right,pick up the porcelain mug and place it in the right compartment of the caddy,85,
282,libero_90_gen_t085_caddy_compartment_7d987388,train,caddy_compartment,caddy_compartment/mug,caddy_compartment/mug/front,porcelain_mug_1,porcelain_mug,1,mug,desk_caddy_1,desk_caddy,front,pick up the porcelain mug and place it in the front compartment of the caddy,85,
283,libero_90_gen_t085_caddy_compartment_8888a48f,validation,caddy_compartment,caddy_compartment/book,caddy_compartment/book/left,black_book_1,black_book,1,book,desk_caddy_1,desk_caddy,left,pick up the black book and place it in the left compartment of the caddy,85,
284,libero_90_gen_t085_caddy_compartment_942293e9,validation,caddy_compartment,caddy_compartment/book,caddy_compartment/book/back,black_book_1,black_book,1,book,desk_caddy_1,desk_caddy,back,pick up the black book and place it in the back compartment of the caddy,85,
285,libero_90_gen_t085_caddy_compartment_a795415a,train,caddy_compartment,caddy_compartment/mug,caddy_compartment/mug/back,red_coffee_mug_1,red_coffee_mug,1,mug,desk_caddy_1,desk_caddy,back,pick up the red coffee mug and place it in the back compartment of the caddy,85,
286,libero_90_gen_t085_caddy_compartment_c73d8831,train,caddy_compartment,caddy_compartment/mug,caddy_compartment/mug/back,porcelain_mug_1,porcelain_mug,1,mug,desk_caddy_1,desk_caddy,back,pick up the porcelain mug and place it in the back compartment of the caddy,85,
287,libero_90_gen_t085_put_inside_container_436546fd,train,put_inside_container,inside/desk_caddy/mug,inside/desk_caddy/mug/front,porcelain_mug_1,porcelain_mug,1,mug,study_table_desk_caddy_front,desk_caddy,front,pick up the porcelain mug and place it in the study table desk caddy front,85,
288,libero_90_gen_t085_put_inside_container_ef3becee,train,put_inside_container,inside/desk_caddy/book,inside/desk_caddy/book/front,black_book_1,black_book,1,book,study_table_desk_caddy_front,desk_caddy,front,pick up the black book and place it in the study table desk caddy front,85,
289,libero_90_gen_t085_put_inside_container_ffb9ec78,train,put_inside_container,inside/desk_caddy/mug,inside/desk_caddy/mug/front,red_coffee_mug_1,red_coffee_mug,1,mug,study_table_desk_caddy_front,desk_caddy,front,pick up the red coffee mug and place it in the study table desk caddy front,85,
290,libero_90_gen_t086_caddy_compartment_08500bda,train,caddy_compartment,caddy_compartment/mug,caddy_compartment/mug/right,porcelain_mug_1,porcelain_mug,1,mug,desk_caddy_1,desk_caddy,right,pick up the porcelain mug and place it in the right compartment of the caddy,86,
291,libero_90_gen_t086_caddy_compartment_08b08f83,train,caddy_compartment,caddy_compartment/mug,caddy_compartment/mug/front,red_coffee_mug_1,red_coffee_mug,1,mug,desk_caddy_1,desk_caddy,front,pick up the red coffee mug and place it in the front compartment of the caddy,86,
292,libero_90_gen_t086_caddy_compartment_1b7aca01,train,caddy_compartment,caddy_compartment/book,caddy_compartment/book/left,black_book_1,black_book,1,book,desk_caddy_1,desk_caddy,left,pick up the black book and place it in the left compartment of the caddy,86,
293,libero_90_gen_t086_caddy_compartment_248271f8,train,caddy_compartment,caddy_compartment/book,caddy_compartment/book/front,black_book_1,black_book,1,book,desk_caddy_1,desk_caddy,front,pick up the black book and place it in the front compartment of the caddy,86,
294,libero_90_gen_t086_caddy_compartment_2b035e49,train,caddy_compartment,caddy_compartment/mug,caddy_compartment/mug/front,porcelain_mug_1,porcelain_mug,1,mug,desk_caddy_1,desk_caddy,front,pick up the porcelain mug and place it in the front compartment of the caddy,86,
295,libero_90_gen_t086_caddy_compartment_5db4efa5,train,caddy_compartment,caddy_compartment/mug,caddy_compartment/mug/left,porcelain_mug_1,porcelain_mug,1,mug,desk_caddy_1,desk_caddy,left,pick up the porcelain mug and place it in the left compartment of the caddy,86,
296,libero_90_gen_t086_caddy_compartment_6150368c,validation,caddy_compartment,caddy_compartment/mug,caddy_compartment/mug/back,porcelain_mug_1,porcelain_mug,1,mug,desk_caddy_1,desk_caddy,back,pick up the porcelain mug and place it in the back compartment of the caddy,86,
297,libero_90_gen_t086_caddy_compartment_7f3c1b22,train,caddy_compartment,caddy_compartment/book,caddy_compartment/book/right,black_book_1,black_book,1,book,desk_caddy_1,desk_caddy,right,pick up the black book and place it in the right compartment of the caddy,86,
298,libero_90_gen_t086_caddy_compartment_88168303,train,caddy_compartment,caddy_compartment/book,caddy_compartment/book/back,black_book_1,black_book,1,book,desk_caddy_1,desk_caddy,back,pick up the black book and place it in the back compartment of the caddy,86,
299,libero_90_gen_t086_caddy_compartment_8ead7577,train,caddy_compartment,caddy_compartment/mug,caddy_compartment/mug/right,red_coffee_mug_1,red_coffee_mug,1,mug,desk_caddy_1,desk_caddy,right,pick up the red coffee mug and place it in the right compartment of the caddy,86,
300,libero_90_gen_t086_caddy_compartment_dd82c4a1,train,caddy_compartment,caddy_compartment/mug,caddy_compartment/mug/back,red_coffee_mug_1,red_coffee_mug,1,mug,desk_caddy_1,desk_caddy,back,pick up the red coffee mug and place it in the back compartment of the caddy,86,
301,libero_90_gen_t086_caddy_compartment_f1c10f48,train,caddy_compartment,caddy_compartment/mug,caddy_compartment/mug/left,red_coffee_mug_1,red_coffee_mug,1,mug,desk_caddy_1,desk_caddy,left,pick up the red coffee mug and place it in the left compartment of the caddy,86,
302,libero_90_gen_t086_put_inside_container_4cc9d0e1,train,put_inside_container,inside/desk_caddy/mug,inside/desk_caddy/mug/front,porcelain_mug_1,porcelain_mug,1,mug,study_table_desk_caddy_front,desk_caddy,front,pick up the porcelain mug and place it in the study table desk caddy front,86,
303,libero_90_gen_t086_put_inside_container_9c02bc88,validation,put_inside_container,inside/desk_caddy/book,inside/desk_caddy/book/front,black_book_1,black_book,1,book,study_table_desk_caddy_front,desk_caddy,front,pick up the black book and place it in the study table desk caddy front,86,
304,libero_90_gen_t086_put_inside_container_eb02d587,train,put_inside_container,inside/desk_caddy/mug,inside/desk_caddy/mug/front,red_coffee_mug_1,red_coffee_mug,1,mug,study_table_desk_caddy_front,desk_caddy,front,pick up the red coffee mug and place it in the study table desk caddy front,86,
